Workbook

Sheet README
A1: MPMTMC-VRP Excel Template
A2: Purpose | B2: Starter workbook for a hierarchical multi-period, multi-tour, multi-compartment VRP with asymmetric product compatibility and inherited compartment states.
A3: Primary sample | B3: Instance C3 (hierarchical conflict / unfavorable inherited states)
A4: Expected code-facing sheets | B4: Params, Suppliers, Fleet, Initial_States, Incompatibility, Nodes, Distances
A5: Sheet usage
A6: Params | B6: Global controls, selected instance metadata, cost assumptions, and formula-based summary checks.
A7: Suppliers | B7: Supplier coordinates, assigned quality, and period demands. Edit blue cells only.
A8: Fleet | B8: Vehicle/compartment capacities, period availability, and period-specific cleaning costs. Edit blue cells only.
A9: Initial_States | B9: Initial quality state of each compartment at the start of each period.
A10: Incompatibility | B10: Asymmetric compatibility matrix Γ(q,q'). 1 = compatible without cleaning, 0 = incompatible unless cleaned.
A11: Nodes | B11: Derived node list (depot + suppliers) feeding the distance matrix.
A12: Distances | B12: Formula-driven Euclidean distance matrix. Recalculates when coordinates change.
A13: Quality convention | B13: Ordered qualities: EV > V > O > L. Downward transitions are compatible; upward transitions require cleaning.
A14: Implementation note | B14: The workbook is organized so you can read Suppliers/Fleet/Initial_States as direct inputs and Distances as a derived matrix.
A15: Editing guidance | B15: If you expand beyond 16 suppliers, extend formulas in Nodes and Distances accordingly.

Sheet Controls
A1: Quality_List
A2: EV
A3: V
A4: O
A5: L
A7: Cleaning_Level
A8: Low
A9: Medium
A10: High

Sheet Instance_Catalog
A1: Instance_ID | B1: Family | C1: Num_Suppliers | D1: Num_Periods | E1: Num_Vehicles | F1: Compartments_per_vehicle | G1: Capacity_per_compartment_t | H1: Spatial_mixing_level | I1: Cleaning_cost_level | J1: Initial_state_condition | K1: Dominant_quality_pattern | L1: Experimental_goal
A2: A1 | B2: Monotone | C2: 12 | D2: 1 | E2: 2 | F2: 2 | G2: 8 | H2: Low | I2: Medium | J2: Neutral | K2: Separated by quality | L2: Baseline no-wash
A3: A2 | B3: Monotone | C3: 12 | D3: 1 | E3: 2 | F3: 2 | G3: 8 | H3: Low | I3: High | J3: Neutral | K3: Separated by quality | L3: Cost sensitivity
A4: A3 | B4: Monotone | C4: 12 | D4: 2 | E4: 2 | F4: 2 | G4: 8 | H4: Low | I4: Medium | J4: Favorable | K4: Separated by quality | L4: MP neutralizes MT
A5: A4 | B5: Monotone | C5: 12 | D5: 2 | E5: 2 | F5: 2 | G5: 8 | H5: Low | I5: High | J5: Favorable | K5: Separated by quality | L5: Confirm no washing
A6: B1 | B6: Operational conflict | C6: 15 | D6: 1 | E6: 2 | F6: 2 | G6: 6 | H6: High | I6: Low | J6: Neutral | K6: Mixed spatial | L6: Force washing
A7: B2 | B7: Operational conflict | C7: 15 | D7: 1 | E7: 2 | F7: 2 | G7: 6 | H7: High | I7: Medium | J7: Neutral | K7: Mixed spatial | L7: Trade-off distance vs washing
A8: B3 | B8: Operational conflict | C8: 15 | D8: 1 | E8: 2 | F8: 2 | G8: 6 | H8: High | I8: High | J8: Neutral | K8: Mixed spatial | L8: Avoid washing
A9: B4 | B9: Operational conflict | C9: 15 | D9: 1 | E9: 2 | F9: 2 | G9: 6 | H9: High | I9: Medium | J9: Neutral | K9: Mixed spatial | L9: Compare structures
A10: C1 | B10: Hierarchical conflict | C10: 16 | D10: 3 | E10: 2 | F10: 2 | G10: 8 | H10: Medium | I10: Low | J10: Neutral | K10: Low->High quality shift | L10: MP weak influence
A11: C2 | B11: Hierarchical conflict | C11: 16 | D11: 3 | E11: 2 | F11: 2 | G11: 8 | H11: Medium | I11: High | J11: Neutral | K11: Low->High quality shift | L11: MP induces structure
A12: C3 | B12: Hierarchical conflict | C12: 16 | D12: 3 | E12: 2 | F12: 2 | G12: 8 | H12: Medium | I12: Medium | J12: Unfavorable | K12: Low->High quality shift | L12: State inheritance impact
A13: C4 | B13: Hierarchical conflict | C13: 16 | D13: 3 | E13: 2 | F13: 2 | G13: 8 | H13: Medium | I13: High | J13: Very unfavorable | K13: Low->High quality shift | L13: Strong MP-MT coupling

Sheet Params
A1: Parameter | B1: Value | C1: Type | D1: Notes
A2: Selected_Instance | B2: C3 | C2: Input | D2: Choose the scenario to replicate in the generic sheets
A3: Family | B3: =INDEX(Instance_Catalog!$B$2:$B$13,MATCH(B2,Instance_Catalog!$A$2:$A$13,0)) -> Hierarchical conflict | C3: Derived | D3: From Instance_Catalog
A4: Num_Suppliers | B4: 7 | C4: Derived | D4: From Instance_Catalog
A5: Num_Periods | B5: 6 | C5: Derived | D5: From Instance_Catalog
A6: LoadingTimePerTon | B6: 1 | C6: Derived | D6: From Instance_Catalog
A7: Num_Vehicles | B7: 3 | C7: Derived | D7: From Instance_Catalog
A8: Compartments_per_vehicle | B8: =INDEX(Instance_Catalog!$F$2:$F$13,MATCH(B2,Instance_Catalog!$A$2:$A$13,0)) -> 2 | C8: Derived | D8: From Instance_Catalog
A9: Capacity_per_compartment_t | B9: =INDEX(Instance_Catalog!$G$2:$G$13,MATCH(B2,Instance_Catalog!$A$2:$A$13,0)) -> 8 | C9: Derived | D9: From Instance_Catalog
A10: Spatial_mixing_level | B10: =INDEX(Instance_Catalog!$H$2:$H$13,MATCH(B2,Instance_Catalog!$A$2:$A$13,0)) -> Medium | C10: Derived | D10: From Instance_Catalog
A11: Cleaning_cost_level | B11: =INDEX(Instance_Catalog!$I$2:$I$13,MATCH(B2,Instance_Catalog!$A$2:$A$13,0)) -> Medium | C11: Derived | D11: From Instance_Catalog
A12: Initial_state_condition | B12: =INDEX(Instance_Catalog!$J$2:$J$13,MATCH(B2,Instance_Catalog!$A$2:$A$13,0)) -> Unfavorable | C12: Derived | D12: From Instance_Catalog
A13: Dominant_quality_pattern | B13: =INDEX(Instance_Catalog!$K$2:$K$13,MATCH(B2,Instance_Catalog!$A$2:$A$13,0)) -> Low->High quality shift | C13: Derived | D13: From Instance_Catalog
A14: Experimental_goal | B14: =INDEX(Instance_Catalog!$L$2:$L$13,MATCH(B2,Instance_Catalog!$A$2:$A$13,0)) -> State inheritance impact | C14: Derived | D14: From Instance_Catalog
A15: Depot_X | B15: 50 | C15: Input | D15: Depot x-coordinate
A16: Depot_Y | B16: 50 | C16: Input | D16: Depot y-coordinate
A17: Max_Tours_per_vehicle_per_period | B17: 3 | C17: Input | D17: Operational limit
A18: Cost_per_km | B18: 1 | C18: Input | D18: Routing coefficient
A19: Sample_Instance_Description | B19: C3 = state inheritance impact with unfavorable inherited states and low-to-high quality shift | C19: Static | D19: Narrative control
A21: Summary_Checks
A22: Total_Supplier_Demand_P1_t | B22: =SUM(Suppliers!E2:E4) -> 10 | C22: Derived | D22: Tons
A23: Total_Supplier_Demand_P2_t | B23: =SUM(Suppliers!F2:F4) -> 7.2 | C23: Derived | D23: Tons
A24: Total_Supplier_Demand_P3_t | B24: =SUM(Suppliers!G2:G4) -> 6.59 | C24: Derived | D24: Tons
A25: Active_Compartments | B25: =COUNTIFS(Fleet!D2:D3,1)+COUNTIFS(Fleet!E2:E3,1)+COUNTIFS(Fleet!F2:F3,1) -> 6 | C25: Derived | D25: Compartment-period availability count
A26: Total_Period_Capacity_P1_t | B26: =SUMPRODUCT(Fleet!$C$2:$C$3,Fleet!$D$2:$D$3)*$B$17 -> 60 | C26: Derived | D26: Capacity × max tours
A27: Total_Period_Capacity_P2_t | B27: =SUMPRODUCT(Fleet!$C$2:$C$3,Fleet!$E$2:$E$3)*$B$17 -> 60 | C27: Derived | D27: Capacity × max tours
A28: Total_Period_Capacity_P3_t | B28: =SUMPRODUCT(Fleet!$C$2:$C$3,Fleet!$F$2:$F$3)*$B$17 -> 60 | C28: Derived | D28: Capacity × max tours
A29: Demand_Capacity_Ratio_P1 | B29: =IF(B26=0,"",B22/B26) -> 0.16666667 | C29: Derived | D29: Check feasibility pressure
A30: Demand_Capacity_Ratio_P2 | B30: =IF(B27=0,"",B23/B27) -> 0.12 | C30: Derived | D30: Check feasibility pressure
A31: Demand_Capacity_Ratio_P3 | B31: =IF(B28=0,"",B24/B28) -> 0.10983333 | C31: Derived | D31: Check feasibility pressure

Sheet Suppliers
A1: Supplier_ID | B1: X | C1: Y | D1: Quality | E1: P1_Demand_t | F1: P2_Demand_t | G1: P3_Demand_t | H1: P4_Demand_t | I1: P5_Demand_t | J1: P6_Demand_t | K1: Cluster | L1: Notes
A2: S01 | B2: 18 | C2: 82 | D2: EV | E2: 5 | F2: 3.5 | G2: 5 | H2: 4.51 | I2: 0 | J2: 0 | K2: NorthWest | L2: High-quality grove
A3: S01 | B3: 18 | C3: 82 | D3: V | E3: 0 | F3: 0 | G3: 0 | H3: 0 | I3: 0 | J3: 0 | K3: NorthWest | L3: Near S07
A4: S02 | B4: 28 | C4: 68 | D4: EV | E4: 5 | F4: 3.7 | G4: 1.59 | H4: 0 | I4: 0 | J4: 0 | K4: West | L4: Small premium producer
A5: S02 | B5: 28 | C5: 68 | D5: V | E5: 0 | F5: 0 | G5: 0 | H5: 0 | I5: 0 | J5: 0 | K5: CenterWest | L5: Accessible
A6: S03 | D6: EV | E6: 0 | F6: 5 | G6: 3.31 | H6: 0 | I6: 0 | J6: 0
A7: S03 | D7: V | E7: 0 | F7: 0 | G7: 0 | H7: 0 | I7: 0 | J7: 0
A8: S04 | D8: EV | E8: 0 | F8: 1.5 | G8: 5 | H8: 3.24 | I8: 0 | J8: 0
A9: S04 | D9: V | E9: 0 | F9: 0 | G9: 0 | H9: 0 | I9: 0 | J9: 0
A10: S05 | D10: EV | E10: 10 | F10: 10 | G10: 5 | H10: 5 | I10: 10 | J10: 3
A11: S05 | D11: V | E11: 5 | F11: 5 | G11: 5 | H11: 5 | I11: 5 | J11: 4.78
A12: S06 | D12: EV | E12: 5 | F12: 3.05 | G12: 0 | H12: 0 | I12: 0 | J12: 2
A13: S06 | D13: V | E13: 0 | F13: 0 | G13: 0 | H13: 0 | I13: 0 | J13: 0
A14: S07 | D14: EV | E14: 4.5 | F14: 3 | G14: 5 | H14: 10 | I14: 10 | J14: 5
A15: S07 | D15: V | E15: 4 | F15: 5 | G15: 5 | H15: 5 | I15: 5 | J15: 2.32

Sheet Fleet
A1: Vehicle_ID | B1: Compartment_ID | C1: Capacity_t | D1: P1_Available | E1: P2_Available | F1: P3_Available | G1: P4_Available | H1: P5_Available | I1: P6_Available | J1: CleanCost_P1 | K1: CleanCost_P2 | L1: CleanCost_P3 | M1: CleanCost_P4 | N1: CleanCost_P5 | O1: CleanCost_P6 | P1: Notes
A2: V1 | B2: C1 | C2: 10 | D2: 1 | E2: 1 | F2: 1 | G2: 1 | H2: 1 | I2: 1 | J2: 6 | K2: 2 | L2: 1 | M2: 6 | N2: 2 | O2: 1 | P2: Base case medium cleaning cost
A3: V2 | B3: C1 | C3: 10 | D3: 1 | E3: 1 | F3: 1 | G3: 1 | H3: 1 | I3: 1 | J3: 6 | K3: 2 | L3: 1 | M3: 6 | N3: 2 | O3: 1 | P3: Base case medium cleaning cost
A4: V3 | B4: C1 | C4: 10 | D4: 1 | E4: 1 | F4: 1 | G4: 1 | H4: 1 | I4: 1 | J4: 6 | K4: 2 | L4: 1 | M4: 6 | N4: 2 | O4: 1
A5: V4 | B5: C1 | C5: 10 | D5: 1 | E5: 1 | F5: 1 | G5: 1 | H5: 1 | I5: 1 | J5: 6 | K5: 2 | L5: 1 | M5: 6 | N5: 2 | O5: 1

Sheet Initial_States
A1: Vehicle_ID | B1: Compartment_ID | C1: P1_Init_Quality | D1: P2_Init_Quality | E1: P3_Init_Quality | F1: P4_Init_Quality | G1: P5_Init_Quality | H1: P6_Init_Quality | I1: Scenario_Role
A2: V1 | B2: C1 | C2: CLEAN | I2: Unfavorable before premium-heavy P2
A3: V2 | B3: C1 | C3: CLEAN | I3: Unfavorable before premium-heavy P2
A4: V3 | B4: C1 | C4: CLEAN
A5: V4 | B5: C1 | C5: CLEAN | I5: Mixed inherited state

Sheet Incompatibility
A1: Γ(q,q') previous→next | B1: CLEAN | C1: EV | D1: V
A2: CLEAN | B2: 1 | C2: 1 | D2: 1
A3: EV | B3: 0 | C3: 1 | D3: 1
A4: V | B4: 0 | C4: 1 | D4: 1
A6: Interpretation | C6: 1 = compatible without cleaning; 0 = incompatible unless cleaned

Sheet Nodes
A1: Node_ID | B1: X | C1: Y | D1: Node_Type | E1: Quality
A2: D0 | B2: =Params!B15 -> 50 | C2: =Params!B16 -> 50 | D2: Depot
A3: =Suppliers!A2 -> S01 | B3: =Suppliers!B2 -> 18 | C3: =Suppliers!C2 -> 82 | D3: Supplier | E3: =Suppliers!D2 -> EV
A4: =Suppliers!A3 -> S01 | B4: =Suppliers!B3 -> 18 | C4: =Suppliers!C3 -> 82 | D4: Supplier | E4: =Suppliers!D3 -> V
A5: =Suppliers!A4 -> S02 | B5: =Suppliers!B4 -> 28 | C5: =Suppliers!C4 -> 68 | D5: Supplier | E5: =Suppliers!D4 -> EV
A6: =Suppliers!A5 -> S02 | B6: =Suppliers!B5 -> 28 | C6: =Suppliers!C5 -> 68 | D6: Supplier | E6: =Suppliers!D5 -> V
A7: S03 | E7: EV
A8: S03 | E8: V
A9: S04 | E9: EV
A10: S04 | E10: V
A11: S05 | E11: EV
A12: S05 | E12: V
A13: S06 | E13: EV
A14: S06 | E14: V
A15: S07 | E15: EV
A16: S07 | E16: V

Sheet Distances
A1: From\To | B1: =Nodes!A2 -> D0 | C1: =Nodes!A3 -> S01 | D1: =Nodes!A5 -> S02 | E1: S03 | F1: S04 | G1: S05 | H1: S06 | I1: S07
A2: =Nodes!A2 -> D0 | B2: 0 | C2: 175 | D2: 171 | E2: 175 | F2: 133 | G2: 12 | H2: 21 | I2: 13
A3: =Nodes!A3 -> S01 | B3: 175 | C3: 0 | D3: 70 | E3: 49 | F3: 100 | G3: 169 | H3: 177 | I3: 163
A4: =Nodes!A5 -> S02 | B4: 171 | C4: 70 | D4: 0 | E4: 22 | F4: 40 | G4: 165 | H4: 173 | I4: 166
A5: S03 | B5: 175 | C5: 49 | D5: 22 | E5: 0 | F5: 52 | G5: 172 | H5: 195 | I5: 181
A6: S04 | B6: 133 | C6: 100 | D6: 40 | E6: 52 | F6: 0 | G6: 141 | H6: 144 | I6: 130
A7: S05 | B7: 12 | C7: 169 | D7: 165 | E7: 172 | F7: 141 | G7: 0 | H7: 24 | I7: 13
A8: S06 | B8: 21 | C8: 177 | D8: 173 | E8: 195 | F8: 144 | G8: 24 | H8: 0 | I8: 16
A9: S07 | B9: 13 | C9: 163 | D9: 166 | E9: 181 | F9: 130 | G9: 13 | H9: 16 | I9: 0
